indice_janela,tempo_centro_s,aceleracao_x_g_mean,aceleracao_x_g_rms,aceleracao_x_g_std,aceleracao_x_g_variance,aceleracao_x_g_peak,aceleracao_x_g_peak_to_peak,aceleracao_x_g_sra,aceleracao_x_g_skewness,aceleracao_x_g_kurtosis,aceleracao_x_g_crest_factor,aceleracao_x_g_shape_factor,aceleracao_x_g_impulse_factor,aceleracao_x_g_clearance_factor,aceleracao_x_g_rms_espectral,aceleracao_x_g_energia_espectral,aceleracao_y_g_mean,aceleracao_y_g_rms,aceleracao_y_g_std,aceleracao_y_g_variance,aceleracao_y_g_peak,aceleracao_y_g_peak_to_peak,aceleracao_y_g_sra,aceleracao_y_g_skewness,aceleracao_y_g_kurtosis,aceleracao_y_g_crest_factor,aceleracao_y_g_shape_factor,aceleracao_y_g_impulse_factor,aceleracao_y_g_clearance_factor,aceleracao_y_g_rms_espectral,aceleracao_y_g_energia_espectral,aceleracao_z_g_mean,aceleracao_z_g_rms,aceleracao_z_g_std,aceleracao_z_g_variance,aceleracao_z_g_peak,aceleracao_z_g_peak_to_peak,aceleracao_z_g_sra,aceleracao_z_g_skewness,aceleracao_z_g_kurtosis,aceleracao_z_g_crest_factor,aceleracao_z_g_shape_factor,aceleracao_z_g_impulse_factor,aceleracao_z_g_clearance_factor,aceleracao_z_g_rms_espectral,aceleracao_z_g_energia_espectral
0,115.0,-0.0050473255242468994,0.23938012064574654,0.23932690334649895,0.05727736666542445,1.5490804,2.966,0.11894507642541424,-0.5773159435924026,2.9299406394101153,6.471215720926344,1.4633797636871302,9.469846132457636,13.023493250444604,0.23932690334649898,0.05727736666542446,-0.009297788144190001,0.3017898027051477,0.3016465417544808,0.09099063615243771,2.6555616,5.246,0.15337160146627,0.41922143201290346,2.8200970540063475,8.799374850297761,1.4279833721175204,12.565360971254298,17.31455872281558,0.3016465417544808,0.09099063615243771,0.011832061017829621,0.13503904037293496,0.13451968167117226,0.018095544756913516,2.3243938,3.0281330100000003,0.07580412537066883,0.32272747016743947,17.862420213918416,17.212754130811078,1.412844217671714,24.31894014392134,30.663157033131426,0.13451968167117226,0.01809554475691352
1,124.0,-0.004146327672661201,0.2494743064656906,0.24943984756523616,0.062220237553368245,1.1331804,1.9451,0.15779776741718685,-0.4561274977678255,1.3776285840360423,4.542272974134283,1.3166771022212942,5.980706817081227,7.181219471908559,0.24943984756523616,0.06222023755336825,-0.006996550768371,0.3128683768198583,0.31279013649928034,0.09783766949123844,1.1162616,1.9717000000000002,0.21608854020810622,0.6147848724886547,0.1525875196696589,3.5678313396394015,1.2422597006931162,4.432173092103963,5.165760289393289,0.3127901364992804,0.09783766949123845,0.01251319548140414,0.13442563297709273,0.1338419618062146,0.01791367074013621,0.69160621,1.095,0.09082235354559676,-0.8286700869002039,0.985536559139585,5.14489829568335,1.260487199317052,6.485078443496981,7.614933802092937,0.1338419618062146,0.01791367074013621
2,133.0,-0.0036733625438668,0.24141593628903704,0.2413879878990123,0.05826816070193371,1.1020804,1.912,0.15440729884366428,-0.4836541814981318,1.2116229765266384,4.565068971588214,1.306066177032475,5.96228217961179,7.137489019323137,0.2413879878990123,0.05826816070193371,-0.005109096744672,0.2874553787940933,0.28740997186616407,0.08260449192810923,1.0221616,1.8486,0.19656818373420346,0.6542341977873006,0.31343537307590674,3.5558965857173366,1.252101473718438,4.452343355367039,5.200035837855386,0.2874099718661641,0.08260449192810924,0.014178866439537962,0.12407137634865091,0.12325853388523782,0.015192666175538319,0.65853621,0.99993,0.08327375436541658,-0.8291603702577848,1.1468453335789972,5.3077206796631184,1.2655459011018344,6.717164150341102,7.908088388932884,0.1232585338852378,0.015192666175538317
3,142.0,-0.0036382152799763995,0.36564829613046407,0.36563019548812986,0.13368543985268808,1.2889196,2.448,0.24202811864420945,0.07879991285060993,0.019059991709309276,3.5250255878126966,1.267533467067832,4.468087904823049,5.325495265675146,0.3656301954881299,0.1336854398526881,-0.005769957981451001,0.40304501674759613,0.403003713518824,0.16241199310996238,1.5274384,2.7631,0.259692370613947,-0.10787636714333876,0.45700240007334747,3.789746396880889,1.2929003932140553,4.8997646067088505,5.881722271582081,0.403003713518824,0.1624119931099624,0.01576437351658231,0.1520594503260329,0.1512400772318136,0.022873560961084945,0.68005621,1.28845,0.10025286355035141,-0.31303908334731523,0.7349530261797552,4.472304802772084,1.2769671346095064,5.710986249096202,6.783409330332453,0.15124007723181362,0.02287356096108495
4,151.0,-0.0032521901920222005,0.42288243562476796,0.4228699299062194,0.17881897761889093,1.1461804,2.2411000000000003,0.3172698346111559,0.2802056269677517,-0.7358792770044666,2.710399636973877,1.1792998176135008,3.196373797542992,3.612635917324924,0.42286992990621947,0.17881897761889096,-0.00427352573044,0.4931567118647734,0.4931381950681841,0.24318527943510643,1.5624384,2.66674,0.33740007356096063,-0.2606611999007482,-0.33969308975602175,3.168239146724683,1.2400486704209264,3.928770741471473,4.630818196065693,0.4931381950681842,0.24318527943510648,0.01496287959869938,0.16613345551098363,0.1654582644479713,0.027376437274134805,0.71316521,1.208559,0.1160716341666601,-0.19679890241376538,-0.036722847519333524,4.292724832614165,1.2296460210659494,5.2785320099550015,6.144181695383129,0.16545826444797132,0.02737643727413481
5,160.0,-0.0021406848643419994,0.4853417299265503,0.48533700897047616,0.23555201227640804,1.5150804,2.907,0.34005668146705004,0.019048854589234325,-0.4736534913707269,3.1216775862839703,1.2242374750111247,3.8216746860311095,4.455376066906671,0.48533700897047616,0.23555201227640807,-0.004816319412045,0.6263150725928863,0.626296553738206,0.3922473732243536,2.0074384,3.8743,0.41538406572003256,0.047213294603026146,-0.08597814417595417,3.205157416521035,1.2658777708364983,4.057337525605718,4.832728469062187,0.626296553738206,0.3922473732243536,0.01975960672383996,0.2349392879842276,0.23410687085315332,0.05480602698065501,0.93340621,1.7008,0.15365086000679812,-0.31445275530338723,0.5298507141871265,3.9729677314024343,1.280227820597068,5.086303820075816,6.0748518424088385,0.23410687085315335,0.054806026980655016
6,169.0,-0.0011247537351281988,0.5130730348464776,0.513071802007877,0.2632426740156102,1.3739196,2.698,0.3604819802592357,-0.062981411861821,-0.5774540612455916,2.6778246110928556,1.2212701693668113,3.2703473163239876,3.811340580774563,0.513071802007877,0.2632426740156102,-0.0033783909175359996,0.6773195851262414,0.677311159564341,0.4587504068703921,1.9006616,3.5991,0.46423557322487063,0.09831949059117777,-0.46205997681202415,2.8061518398965943,1.2384399577209897,3.4752505659602155,4.094174831964763,0.677311159564341,0.4587504068703921,0.023084704798945723,0.2554681312289075,0.2544229991135547,0.06473106247793585,1.0582062,1.8015999900000002,0.17265098590257352,-0.3491283471592778,0.15648101988795204,4.142223904443933,1.2527898520923575,5.189336072581742,6.129163957378981,0.2544229991135547,0.06473106247793586
7,178.0,-0.0018949344685472013,0.508776724102044,0.5087731952563611,0.25885016421136736,1.4029196,2.779,0.35539766649310034,-0.0729983443552941,-0.5558732020550434,2.7574366780950066,1.224537054709592,3.376583388342661,3.9474642977917136,0.5087731952563611,0.25885016421136736,-0.0030030396629769996,0.6591912301325084,0.6591843897092773,0.4345240596363923,1.8029616,3.4344,0.4485754650125305,0.12680369967139296,-0.41527164185886845,2.7351116301070553,1.243334834386943,3.4006595656489575,4.0193049790398945,0.6591843897092773,0.4345240596363924,0.02011204241403024,0.24889244387896714,0.24807852460457164,0.06154295436998106,1.1000062,1.8123999899999998,0.17040612994596696,-0.3577996175278279,0.11967438419909193,4.4196046406893625,1.2446897149296299,5.501036440321312,6.455203227423768,0.24807852460457164,0.06154295436998105
8,187.0,-0.003201765082927999,0.49922596347797293,0.49921569617837946,0.24921631131086405,1.3930804,2.7220000000000004,0.34690676173065027,-0.1296988967162744,-0.5274328715948458,2.7904806679019334,1.2286167446044105,3.4284312740792147,4.015719938839455,0.49921569617837946,0.24921631131086408,-0.004343610296552,0.6474752267802704,0.6474606569852366,0.4192053023437542,1.8029616,3.4534000000000002,0.4423204902565919,0.15798221537799834,-0.39650302207284494,2.7846032178955626,1.2422908454416686,3.4592870857790694,4.076143067561927,0.6474606569852366,0.4192053023437542,0.016850082114316982,0.24813156801146571,0.24755878044733015,0.06128534977656941,0.96330621,1.7037,0.16987676192764167,-0.34621765799275267,0.0801531280505281,3.882239642944131,1.2452036314965687,4.834178901733974,5.670617917772158,0.2475587804473302,0.06128534977656944
9,196.0,-0.0024698917313321998,0.4852545887122244,0.4852483029348022,0.23546591550110557,1.3549196,2.6424,0.3374505961097,-0.18084129420254955,-0.483288254502273,2.792182972644741,1.229390893545918,3.4326843196834154,4.015164339966186,0.48524830293480226,0.2354659155011056,-0.003738215129695,0.6338838083578361,0.6338727855381378,0.401794708245878,1.7484616,3.3198999999999996,0.42868840878682524,0.20293761734203528,-0.3450106477762347,2.758331380209304,1.2492694096776025,3.4458990150492834,4.078630455505181,0.6338727855381378,0.401794708245878,0.01806477812527558,0.244235819880832,0.24356682759387985,0.05932479950414679,1.1153062,1.8116999900000001,0.16384045767846075,-0.38903951525006786,0.3283041919235892,4.566513628280169,1.2606608001303647,5.756824724433893,6.807269802607634,0.24356682759387982,0.05932479950414678
10,205.0,-0.0022630178710209997,0.47531460762923117,0.47530922037747747,0.22591885497584543,1.3350804,2.623,0.3291376849268083,-0.1735627804183196,-0.4499785693358538,2.8088351979315322,1.2325380040845086,3.4619961286608465,4.056297595630496,0.47530922037747747,0.22591885497584546,-0.003630930797111,0.6207080528313558,0.6206974328859753,0.3852653031912398,1.7735616,3.391,0.4170422954495883,0.21417660376858988,-0.3340461139110067,2.8573201071097922,1.252754180562672,3.579519709387574,4.252713979736827,0.6206974328859753,0.38526530319123986,0.018231281795623177,0.23886238915515334,0.23816561741149056,0.0567228613169965,1.1564062,1.84779999,0.16090697956571884,-0.4293161802263511,0.42617991566846225,4.84130718147031,1.259321647951861,6.096762938010371,7.186799498201331,0.23816561741149056,0.0567228613169965
11,214.0,-0.0022433073577404,0.4698936600955985,0.4698883052068189,0.22079501937013657,1.4440804,2.752,0.3248417867156462,-0.18970498603801902,-0.37092076937746654,3.0732068181260543,1.234623530175707,3.794253450754841,4.445488416378191,0.4698883052068189,0.2207950193701366,-0.0037035068600899997,0.6071975136143164,0.607186219027034,0.3686751045763453,1.6255616,3.222,0.41079501153269143,0.24160361256002016,-0.3263607800853836,2.677154572527671,1.248977283684345,3.343705245998734,3.9571113435262255,0.6071862190270341,0.36867510457634534,0.016674087328395377,0.23489875771362137,0.23430621243826985,0.05489940118716764,1.1708062,1.89119999,0.1586800995907191,-0.4643665526055273,0.4318116277959727,4.984301370496805,1.2574923022077618,6.267720605283329,7.3784060069274,0.23430621243826988,0.05489940118716766
12,223.0,-0.0015721198062596002,0.4664785938304339,0.46647594465452735,0.21759980694133366,1.3480804,2.643,0.32204387581242633,-0.2050027697161433,-0.37657790424880755,2.88990838557113,1.2352875008644315,3.5698677073393243,4.1860147056023695,0.46647594465452735,0.21759980694133368,-0.003130572418643999,0.5992371616038564,0.5992289840815261,0.35907537536337797,1.6776616,3.2741,0.4079975008114888,0.25542715289527496,-0.3164365422358313,2.7996621496399587,1.2466011233252074,3.4900619806722375,4.111940873812232,0.5992289840815261,0.35907537536337797,0.01619699009918233,0.23124743952341106,0.23067950883825952,0.05321303579786065,0.85870621,1.5191,0.1547649371313854,-0.43508157473661574,0.3592112688179414,3.7133652669614365,1.2627187571856933,4.688935974874066,5.548454487924575,0.23067950883825952,0.05321303579786066
13,232.0,-0.002106193543641999,0.4648648984504648,0.4648601270921369,0.21609493776011768,1.3120804,2.5709999999999997,0.3207523334573251,-0.19296092662920214,-0.36283992451620195,2.822498330963599,1.2365264933554863,3.490093963688132,4.09063399744391,0.464860127092137,0.21609493776011773,-0.0029477463591829982,0.5930059783948967,0.5929986519407026,0.35164740120349053,1.6579616,3.2664,0.40061142049817494,0.2752500125675842,-0.2974221781945485,2.795859840212141,1.2500543583121482,3.494976778487093,4.138577971487344,0.5929986519407027,0.35164740120349064,0.0146062405766714,0.23098746473660783,0.23052519732485222,0.05314186660166205,1.2681062,1.91049999,0.15420562246845443,-0.46744342522107374,0.4777025707750764,5.489935141917792,1.2651323349278987,6.945494464697181,8.223475770213335,0.23052519732485222,0.05314186660166205
14,241.0,-0.0012811918415618002,0.4647999899095329,0.4647982241439472,0.216037389167367,1.4210804,2.723,0.3196313092549569,-0.21320230026385978,-0.30014955562917844,3.0574019596613895,1.239603867049497,3.789967292320969,4.445998745593667,0.4647982241439473,0.21603738916736703,-0.0006754950117370004,0.5859484424800754,0.5859480531167548,0.34333512095131535,1.7466616,3.2761,0.39761708270584883,0.2878769842652939,-0.29637644477163994,2.9809134616129533,1.2484638184895287,3.7215626028721465,4.39282333674822,0.5859480531167548,0.3433351209513153,0.016634425030275356,0.22655788206572974,0.22594638707007747,0.05105176983002127,1.0932062,1.79959999,0.15250118516913283,-0.43208602116587935,0.3047467404257507,4.825284338078493,1.2575316327454942,6.067947692125108,7.1685095351066925,0.22594638707007747,0.05105176983002127
15,250.0,-0.0021368178545646006,0.46373655149906384,0.46373162842931076,0.21504702320570032,1.4790804,2.77,0.31863006251516796,-0.253563665488964,-0.270171628751529,3.1894841914417995,1.2408440435162151,3.957652460839688,4.641998900934184,0.46373162842931076,0.21504702320570032,-0.0007536481573380004,0.5815951404951938,0.5815946521952202,0.3382523394620791,1.7466616,3.2561,0.39442172684364923,0.2969738130113986,-0.3000308497144939,3.0032259184848433,1.248073402500001,3.748246390559569,4.428411218564502,0.5815946521952202,0.3382523394620791,0.01606676110200338,0.2281565355705252,0.22759012261351655,0.05179726391123549,1.2686062,1.86799999,0.15436751976368124,-0.43655000439920744,0.326114375754047,5.560244841673022,1.2556281781280385,6.98160010049572,8.218090191136639,0.22759012261351655,0.0517972639112355
16,259.0,-0.0006694206059262006,0.4615522159105616,0.4615517304571634,0.21302999988800203,1.4040804,2.734,0.3152474018118282,-0.24769856284890446,-0.24692151262315765,3.0420835424438284,1.2447469725857285,3.786624279809824,4.453899990706659,0.46155173045716347,0.2130299998880021,0.001261095200522,0.5766606341446089,0.5766592552027217,0.33253589661095767,1.6793616,3.0968,0.3919818848302172,0.3032227833758809,-0.3107414473622647,2.912218210440332,1.2470616920588267,3.6317157691562487,4.284283700323034,0.5766592552027218,0.3325358966109578,0.01822921149900674,0.2248613286023737,0.22412120147132258,0.05023031294894917,0.94800621,1.5724,0.1522390639905264,-0.42836902818713113,0.3272460793651426,4.215959302083357,1.2545021605494941,5.28893005325231,6.227089060787926,0.2241212014713226,0.05023031294894918
17,268.0,0.0002996209118448001,0.46556229176490954,0.4655621953517102,0.21674815774070394,1.5479196,2.9539999999999997,0.31427718195263205,-0.26162163903550767,-0.19329018459920988,3.324838861265933,1.2518023892943155,4.162041230551287,4.9253324418357005,0.4655621953517102,0.21674815774070394,0.00037421491444100197,0.5758485402320123,0.5758484186403027,0.33160140125053733,1.6989616,3.1184000000000003,0.3911544042547668,0.3211111469092217,-0.30079960039284126,2.9503619116851105,1.247978551292133,3.681988384332273,4.343455120330007,0.5758484186403027,0.33160140125053733,0.018572403991751123,0.22626910043566315,0.22550559111013502,0.0508527716219314,0.89130621,1.5447,0.15316963489106444,-0.42170840448130836,0.2592020152869301,3.9391424117736835,1.2532899790516099,4.936887710733148,5.81907902720996,0.22550559111013502,0.05085277162193141
18,277.0,-2.419095144620016e-05,0.47261047545819534,0.47261047483907853,0.2233606609276193,1.5050804,2.942,0.3212665802489096,-0.27084131528611705,-0.15169979337173745,3.184610748504519,1.24932034510229,3.9785989993381277,4.684833383023843,0.4726104748390786,0.22336066092761936,-1.118435697900022e-05,0.5730504062485575,0.5730504061394136,0.32838676797654687,1.6078616,3.1013,0.3886648872821423,0.3677352243178128,-0.27550454053360474,2.805794363755496,1.2489730022379417,3.5043614101619975,4.136884119487773,0.5730504061394136,0.32838676797654687,0.01654114740890158,0.2268001848342634,0.22619618538616654,0.051164714283253025,1.0620062,1.7153999899999999,0.15331376577548936,-0.41667963174272576,0.29893795987357796,4.682563203271073,1.2554798920175072,5.87886394480792,6.9270113784510885,0.22619618538616654,0.051164714283253025
19,286.0,-0.0008695776617400002,0.48624309226603274,0.4862423147064885,0.2364315886111238,1.5390804,3.018,0.32756441715112805,-0.24466751386570104,-0.033657727590060915,3.165248873413178,1.2562027808233662,3.976194436779661,4.6985579611655925,0.4862423147064885,0.2364315886111238,-0.000344486790423999,0.5378613168267049,0.5378612065090848,0.2892946774674083,1.5976616,3.0281000000000002,0.3658845520398004,0.487121028114904,-0.19680708701190497,2.9703969220652375,1.2472456893596775,3.7048147567331213,4.366572983453558,0.5378612065090846,0.2892946774674082,0.016439708206764322,0.21961131216492355,0.21899512420343048,0.047958864424875944,1.0620062,1.6633999899999998,0.14933275011689134,-0.42101676026826507,0.28334785430693765,4.835844700032825,1.2514323713291595,6.0517326003416265,7.1116764351336625,0.2189951242034305,0.04795886442487595
20,295.0,8.923083227579877e-05,0.4948351392326068,0.49483513118736017,0.24486180705721194,1.5880804,3.09,0.3301482901434077,-0.2457447847227828,0.03303713584318668,3.209312100314469,1.2631745193823005,4.05392126986253,4.810203315940785,0.4948351311873601,0.24486180705721192,0.0009238826297260003,0.5306789687312002,0.5306781645164013,0.28161931429449666,1.6130616,2.8475,0.36176210917316376,0.5328089205103663,-0.1835568412435289,3.0396184794296017,1.2465886112109827,3.789153778883386,4.458901468942619,0.5306781645164014,0.2816193142944967,0.018484337800937518,0.21677409352226143,0.21598457555681838,0.046649336878458986,0.79021621,1.39561,0.1479159476971376,-0.3317406141334517,0.10229710483166166,3.6453443174880555,1.2475201006688965,4.547640309925488,5.342332738982221,0.21598457555681838,0.04664933687845899
21,304.0,-0.0004509344030411993,0.5035148779039372,0.5035146759815259,0.253527028928781,1.6200804,3.122,0.3366898042861479,-0.22960831498914894,0.005642733104644471,3.2175422635854782,1.2612639986478265,4.058170221188199,4.811789306881169,0.5035146759815259,0.253527028928781,0.0009371291880700003,0.5301687834447761,0.5301679552068371,0.28107806072819885,1.6113616,2.9598,0.3611987109956979,0.5394945962111118,-0.18527985315259565,3.0393370004362845,1.2468893686640197,3.789716993631194,4.4611499181656615,0.5301679552068371,0.28107806072819885,0.017195360775484312,0.21813475170381302,0.21745594834054344,0.047287089468685095,1.1389062,1.77629999,0.14815474299729905,-0.382016465230719,0.28371953908730196,5.221113055596138,1.2513166164918543,6.533265523050006,7.687274649187323,0.21745594834054344,0.047287089468685095
22,313.0,-0.0005620050724340007,0.5012308624707751,0.5012305473966003,0.25123206164349565,1.5720804,3.0629999999999997,0.33370710876360105,-0.2111892683130864,0.04301109732505015,3.136439748044569,1.2651444477178397,3.968049332840127,4.71095867817927,0.5012305473966003,0.25123206164349565,0.0015659159115990005,0.5292552012412964,0.5292528846858777,0.2801086159483229,1.6576616,2.8880999999999997,0.3611133335933597,0.543122874400384,-0.1969882467271602,3.132064826405445,1.2449035205408225,3.8991185289542183,4.59041925565299,0.5292528846858777,0.28010861594832304,0.01682087649201358,0.2165850577644291,0.21593088098014496,0.04662614536086152,1.0915062,1.71989999,0.14913804102407102,-0.3927934191946173,0.23217336614840578,5.0396191282373115,1.2430694629453949,6.264596643187295,7.318764498347071,0.21593088098014496,0.04662614536086153
23,322.0,-0.0003963570408589998,0.5010279942018393,0.5010278374252417,0.2510288938750145,1.5750804,3.088,0.33048743439074424,-0.22806052797368712,0.07285451733887793,3.143697394612003,1.2708182867741802,3.9950681371572796,4.7659312763393595,0.5010278374252417,0.2510288938750145,0.0021797293622920007,0.5273977829438822,0.5273932785256457,0.2781436702340293,1.6576616,2.8270999999999997,0.36051154421921533,0.570172852006656,-0.18980880049323812,3.1430955032596026,1.2437857782594437,3.9093374866655024,4.598081882759432,0.5273932785256458,0.27814367023402936,0.017922666242669562,0.2139156829259294,0.21316354621843914,0.045438697436420636,0.77894621,1.39734,0.14608432305984906,-0.36592763077950213,0.20629769056534641,3.641370278913671,1.247818473734129,4.543769103734876,5.332168392092797,0.21316354621843914,0.045438697436420636
24,331.0,0.0006211019248326993,0.5084090003398782,0.5084086209526676,0.25847932585899325,1.5940804,3.1799999999999997,0.3377202245718115,-0.18878672171580552,0.03703676062031702,3.135429150416959,1.2661532663972122,3.9699338603574685,4.720121224664888,0.5084086209526677,0.2584793258589933,0.0016191873114800013,0.5337993038943213,0.5337968481271805,0.28493907507051225,1.6309616,2.8693999999999997,0.36475526116266777,0.5676198251759553,-0.19487777649161098,3.0553835272945373,1.244465591653566,3.8023196690231558,4.471386087211638,0.5337968481271806,0.2849390750705123,0.017891734478309558,0.21512573519565445,0.21438042769998505,0.045958967780828516,0.79847621,1.41187,0.14724066855436857,-0.37844472715291194,0.19217677050483228,3.711672196140526,1.245767200222952,4.623879479931359,5.422932521561887,0.21438042769998503,0.04595896778082851
25,340.0,0.00014150047372260145,0.5063416570042454,0.5063416372326304,0.2563818535954207,1.5830804,3.13,0.3330833366654016,-0.2184016892564773,0.10189946943324646,3.1265063383610303,1.272660450760179,3.9789809658831063,4.752805756807587,0.5063416372326305,0.25638185359542076,0.0018243869105940011,0.5296632298477036,0.5296600878536175,0.2805398086651018,1.6316616,2.8411,0.3618802616297008,0.5694781672083281,-0.18401828794915165,3.080564230349082,1.2452698888319567,3.836133876666503,4.508843871870584,0.5296600878536176,0.2805398086651019,0.01608933677320812,0.2152250409669148,0.21462281216452375,0.04606295150140845,0.78477621,1.38717,0.14678278642117898,-0.3829266779673076,0.2014271417444018,3.6463053112887485,1.247941786055809,4.550376762674464,5.3465139144324505,0.21462281216452375,0.04606295150140845
26,349.0,0.0002807051622546007,0.5051813084206629,0.5051812304334206,0.25520807558222475,1.7630804,3.247,0.3311342361720608,-0.21933155813487645,0.14153334154532882,3.4899953157647086,1.2758741959525473,4.452794967379454,5.324367605057561,0.5051812304334206,0.2552080755822248,0.0017866578623510002,0.5298934411560882,0.5298904290831489,0.28078386683392365,1.7393616,3.0558,0.36272988940130246,0.575833073874067,-0.1803427639017996,3.2824742955964323,1.2431681768396852,4.0806675855797465,4.795197889181047,0.5298904290831489,0.28078386683392365,0.01628092327182038,0.2150326355411562,0.21441540496240657,0.045973965885192807,1.0510062,1.68539999,0.14627709283752055,-0.3635373567653625,0.26947443413403604,4.887659016758144,1.2512972631396737,6.115914350829415,7.185036150311113,0.21441540496240657,0.045973965885192807
27,358.0,0.00018977938902579904,0.506396828035547,0.5063967924742877,0.2564377114282468,1.7630804,3.301,0.33334650762651347,-0.2053475449514139,0.13091481504397162,3.4816181745045194,1.2733278986334935,4.433241553986019,5.289032162218967,0.5063967924742877,0.2564377114282468,0.0018047895241729997,0.5295580032533868,0.5295549277879372,0.28042842154448744,1.5928616,2.8223000000000003,0.3608798931713966,0.5720730504149381,-0.18018675109107463,3.007907708341887,1.2459266949513828,3.7476325097731946,4.413827509208126,0.5295549277879372,0.28042842154448744,0.014164749967097,0.21473830140275685,0.21427061848912202,0.045911897947710875,0.86420621,1.4926,0.14558001573163462,-0.3581525840285438,0.25215756581844717,4.024462354198845,1.2535237219487227,5.044759029077855,5.936296995551206,0.21427061848912202,0.04591189794771088
28,367.0,0.0011384061602299994,0.5073832424921357,0.5073819653803708,0.2574364587932478,1.6370804,3.1660000000000004,0.3341329580242507,-0.2006357763455188,0.14224850935707734,3.2265164926596372,1.2740729853772876,4.11081750017192,4.899487945398024,0.5073819653803708,0.2574364587932478,0.0030000410461180015,0.5293398050427497,0.5293313035863436,0.2801916289564179,1.6299616,2.7564,0.3617443742660168,0.5708412474425258,-0.19437682886897312,3.0792348968888965,1.2439787091919492,3.830502652330654,4.5058381441514035,0.5293313035863436,0.2801916289564179,0.015638309362029697,0.21330112215460267,0.2127270833549649,0.04525281199271018,0.74975621,1.37815,0.145465928485475,-0.3261507816921579,0.1727672626352521,3.5150129658322644,1.249707996617916,4.392739811616239,5.154170586927951,0.21272708335496493,0.045252811992710196
29,376.0,0.0010599454272379998,0.5050318046672732,0.5050306923753981,0.255056000241174,1.6500804,3.135,0.3307146575780888,-0.21080043609302204,0.17631124927358455,3.267280168794739,1.2775225198604316,4.174023994328672,4.989438363826921,0.5050306923753981,0.25505600024117403,0.0024866083300640017,0.5280301401828696,0.528024285161728,0.27880964572055383,1.5358616,2.6433,0.3601096476243777,0.5899559865935446,-0.16608939223555064,2.9086627507060374,1.2467137480455899,3.6262698397333186,4.264983207564666,0.5280242851617281,0.27880964572055394,0.01609255086106176,0.2134519153758963,0.21284442671684628,0.04530274998442295,0.99300621,1.6214,0.14483923443665658,-0.3085057228703518,0.21818170107485413,4.65213070705541,1.2531815887755438,5.829964550659192,6.855920040327729,0.21284442671684628,0.04530274998442295
30,385.0,0.0009290975180027992,0.5032356784989678,0.50323482082634,0.2532452848921185,1.6510804,3.136,0.33189763429822455,-0.179150057171641,0.13857576439074082,3.28092873884614,1.2729200735793138,4.176360051660514,4.97466757631792,0.50323482082634,0.2532452848921185,0.003330467663819001,0.5266904654498666,0.5266799354265714,0.27739175438093744,1.6804616,2.8259,0.35877635778230316,0.5898925727102681,-0.16445901457450107,3.190605697721627,1.2467037480828764,3.977740082004133,4.68386938979871,0.5266799354265714,0.2773917543809375,0.015460846359656381,0.21291128178180505,0.21234918445761522,0.0450921761398143,0.79715621,1.49755,0.14355050831695793,-0.33694472719223617,0.2634188119701384,3.7440768912233535,1.2568647167793636,4.7057981414876,5.55314097697159,0.21234918445761522,0.0450921761398143
31,394.0,0.0006937461244147995,0.5068578710704187,0.5068573962983594,0.2569044201823521,1.6880804,3.229,0.33076514993859096,-0.19555015886215227,0.20519374611897145,3.330480784356749,1.2802791044611588,4.263944956021357,5.103561848379144,0.5068573962983592,0.25690442018235204,0.003278810434129,0.527460296726197,0.5274501057205552,0.2782036140246248,1.6039616,2.7014,0.35984468753768695,0.6048068747409481,-0.15509014210118943,3.040914377736779,1.2460993683387058,3.7892814852698886,4.457371903905113,0.5274501057205552,0.2782036140246248,0.015118376581409541,0.213795517646144,0.21326030585911987,0.04547995805512536,0.82590621,1.5043,0.14477933082657904,-0.30604019044927777,0.2059010216767132,3.8630660693596446,1.2537685781248593,4.843390852983431,5.704586457781704,0.21326030585911987,0.04547995805512536
32,403.0,0.0012425035179428011,0.5055281726852683,0.5055266457502653,0.25555718956351425,1.6880804,3.255,0.3308274922874578,-0.19606849089140838,0.20253898111095925,3.3392409982479156,1.2784787764754288,4.269148745796585,5.102600114422225,0.5055266457502653,0.25555718956351425,0.0034078457352430002,0.5276547230638164,0.5276437182029154,0.2784078933589977,1.6105616,2.84,0.35933606086385184,0.5983438495136251,-0.18058641046075063,3.052302063456017,1.246437203623419,3.8045028485881094,4.4820483536447036,0.5276437182029156,0.27840789335899774,0.013422019952311359,0.21350642279403476,0.21308411943339395,0.04540484195470489,0.85570621,1.4751,0.14326195362049376,-0.30873768038485255,0.2701431732283268,4.007871045759978,1.2602661508816841,5.050984216070077,5.973017876517289,0.21308411943339395,0.0454048419547049
33,412.0,0.0009063544609559989,0.50450630778804,0.5045054936465129,0.2545257931195117,1.7040804,3.262,0.33041409663776355,-0.19026279620240188,0.1784139391635482,3.3777187196556153,1.2776452044447637,4.315526124131304,5.157408286572595,0.5045054936465129,0.2545257931195117,0.0034694618037479997,0.5252090540873028,0.5251975945585353,0.2758325133300717,1.5948616,2.7033,0.35880064938694956,0.5986134428281237,-0.16690247213111453,3.036622441270585,1.2454426317210938,3.7819390447993695,4.44497969199609,0.5251975945585353,0.27583251333007164,0.013334685258742797,0.21062838343804813,0.21020585643310627,0.04418650207877569,0.82990621,1.4483000000000001,0.14276928668799274,-0.32245413054410194,0.28665837044675335,3.9401442315304065,1.2547396128775672,4.943855047752241,5.812918375180179,0.21020585643310633,0.044186502078775704
34,421.0,0.0012304386924639997,0.5069564368024634,0.5069549435956554,0.25700331483607414,1.7410804,3.1799999999999997,0.3316660673739577,-0.19379379753712941,0.21512125806906202,3.434378722916611,1.279061633761905,4.392782060290846,5.249498128600867,0.5069549435956554,0.2570033148360742,0.003119742051664001,0.5259259180724888,0.5259166649859284,0.27658833850992126,1.6046616,2.9271000000000003,0.3584282926513877,0.5854541418294836,-0.15201745719933957,3.0511171723216504,1.2476785912017305,3.806813575153685,4.47693899421248,0.5259166649859285,0.2765883385099213,0.0120840056835278,0.21113165823759522,0.210785563824464,0.044430553916797184,0.86250621,1.4839,0.1418298006138924,-0.29388761922487594,0.29755092737317446,4.085158129290995,1.259656088340646,5.145894309395685,6.081276334499173,0.210785563824464,0.04443055391679719
35,430.0,0.0015572568266537996,0.5069906438057376,0.5069882521890741,0.2570370878577321,1.7430804,3.368,0.3315768377400383,-0.19218177890553143,0.237307586979294,3.4380918490241252,1.2798846608539884,4.400361020173105,5.256942589477868,0.5069882521890741,0.2570370878577321,0.004113972085292,0.5242404425274265,0.5242243000997124,0.27481111681503334,1.5804616,2.7748999999999997,0.3572862761119148,0.5881334354326321,-0.1655527314750902,3.0147647373033712,1.246580267815797,3.758146233629257,4.423516114861751,0.5242243000997124,0.2748111168150334,0.012232361552793579,0.20823518887301745,0.20787559552728402,0.043212263215822985,0.80153621,1.37793,0.14052791158460837,-0.27341402245637364,0.21699873141405224,3.8491871346911477,1.2564534049371132,4.836324281622823,5.703750955676979,0.20787559552728402,0.043212263215822985
36,439.0,0.0009428858554148004,0.5060730925504943,0.506072214184779,0.2561090859698848,1.6450804,3.241,0.3321845651024933,-0.17924446691710913,0.2320680705472613,3.250677469748818,1.2783150534640277,4.155389943536271,4.952308363552117,0.506072214184779,0.25610908596988485,0.0037069126626580007,0.5248011839898168,0.5247880920101228,0.27540254151562504,1.5434616,2.7269,0.35856021140928374,0.5824645732214581,-0.17895121835831063,2.9410406208800577,1.2452489289550954,3.662327683164321,4.30460924242984,0.5247880920101227,0.275402541515625,0.011390598755183402,0.20840654626474878,0.20809503306422114,0.04330354278599929,0.79551621,1.44491,0.14116742188035034,-0.28708878018689127,0.20123199371413403,3.817136382028124,1.253667406441148,4.785419468089344,5.63526768006189,0.20809503306422117,0.0433035427859993
37,448.0,0.0011424167423646002,0.5079741897088759,0.5079729050789774,0.25803647229437576,1.7660804,3.3440000000000003,0.3326496178229219,-0.1926800957641869,0.28380357136290657,3.476712864116492,1.2805643094823718,4.452154408105815,5.309131005646099,0.5079729050789774,0.2580364722943758,0.0033613018521810004,0.5259263082866391,0.5259155667955375,0.27658718339787147,1.7067616,2.8822,0.359087391224058,0.5923485581762398,-0.17758039694207195,3.2452485702042213,1.2458268399121537,4.0430177709469595,4.753053551064511,0.5259155667955374,0.2765871833978714,0.01067653970658873,0.20817374422546364,0.2078997818294728,0.04322231928474239,1.0146062,1.63399999,0.1411211176280006,-0.24652329001463114,0.2339593639459654,4.873843259028504,1.2542125708157434,6.112835483659122,7.189612845006881,0.2078997818294728,0.04322231928474239
38,457.0,0.0014294753461123995,0.5070772240436245,0.5070752091593742,0.25712526774402306,1.6500804,3.142,0.33037837853951,-0.18056411690415336,0.23320559865744706,3.254100799167508,1.2812758924946621,4.169400905720941,4.994516915103349,0.5070752091593742,0.2571252677440231,0.003747957433885,0.5264084396502237,0.526395097004196,0.2770917981500569,1.8003616,2.9758,0.35909775574679553,0.5931964029908847,-0.17469265998437944,3.4200849841926257,1.24588472660344,4.261031645491361,5.013569623279568,0.526395097004196,0.2770917981500569,0.010784889591117579,0.2076374382125664,0.20735716024286388,0.042996991903984726,1.0146062,1.6279999900000002,0.1408822474436846,-0.25489056151998607,0.19996503085012263,4.886431891734808,1.2530013785245426,6.122705896410003,7.201803054750191,0.20735716024286388,0.04299699190398473
39,466.0,0.0015015648117366997,0.5061449591523471,0.5061427318241835,0.25618046497844726,1.6820804,3.173,0.3297884494118517,-0.19585992503585778,0.2749012097224388,3.3233174994314267,1.282700412121351,4.262820726130789,5.100483061186165,0.5061427318241835,0.25618046497844726,0.003929522985744001,0.523411703613442,0.5233969529225693,0.27394437032863017,1.6201616,2.9796,0.3556252248567175,0.5982948837905969,-0.16426150239190518,3.0953866503461804,1.2485984694967027,3.8648950341227657,4.555811811866743,0.5233969529225692,0.2739443703286301,0.00992601476317058,0.20729088883233013,0.2070531014590672,0.04287098682381877,0.73171621,1.32711,0.1423090970324336,-0.25014998000141814,0.1130336199868256,3.529900489701976,1.245050774058645,4.3949053370534354,5.141738829480696,0.2070531014590672,0.04287098682381878
40,475.0,0.0013606652314096005,0.5067913360977397,0.5067895094946819,0.25683560693386026,1.7410804,3.2,0.3303962185583831,-0.2062398327104877,0.2861920436452112,3.435497562776439,1.2829030019997427,4.407410136648693,5.26967411309019,0.5067895094946818,0.2568356069338602,0.004197421089234001,0.524302700506543,0.5242858985464453,0.27487570341465345,1.6000616,2.8465,0.3588074745570367,0.6083452682602913,-0.14853549781482522,3.051789736070665,1.244801147295873,3.798871364766534,4.459387592121221,0.5242858985464453,0.2748757034146535,0.0089152886572142,0.20820981740278913,0.2080188589793275,0.04327184569106134,0.77302621,1.3974199999999999,0.14150243387522232,-0.24168607806836517,0.1732507486907413,3.712726996463159,1.252450507252445,4.6500068100101295,5.4629887898724,0.20801885897932748,0.043271845691061336
41,484.0,0.0020236555858995997,0.5081151359457597,0.5081111061522348,0.25817689619524753,1.6240804,3.2359999999999998,0.3308162267167998,-0.17854260587033624,0.24446594167612368,3.1962842377782805,1.2823639144164176,4.098799566744851,4.909312992649295,0.5081111061522348,0.2581768961952476,0.003806364186036001,0.5220106266731676,0.5219967489854668,0.2724806059513964,1.6261616,2.9375999999999998,0.35510245718943856,0.5924943435376311,-0.16147785977788764,3.1151886894788157,1.2480537377016903,3.8879228875500664,4.5794152281308556,0.5219967489854668,0.27248060595139645,0.00849312135362428,0.20760711002319768,0.20743331222794645,0.043028579021856715,0.76079621,1.44219,0.14118814076459668,-0.22521799143637106,0.13800674818261482,3.6645961206000597,1.2513089983976773,4.585542101200074,5.388527718262664,0.20743331222794645,0.04302857902185672
42,493.0,0.0017805854994338008,0.5064986050517138,0.5064954752360689,0.25653766643461123,1.7210804,3.202,0.32988401786451094,-0.18814786272357192,0.2611145608142258,3.3979963277969474,1.2831382755426732,4.360099148349711,5.217228804054634,0.5064954752360687,0.2565376664346112,0.003339479368204002,0.5222857202173634,0.5222750438423411,0.2727712214205194,1.7054616,2.9139,0.3553082049695463,0.5901087425603734,-0.15134613158767385,3.2653804880788733,1.247912273380308,4.074908388330207,4.799949948091338,0.5222750438423411,0.27277122142051935,0.008072400059082701,0.20789489582548157,0.20773811414272045,0.04315512406757395,1.0026062,1.62899999,0.14130824716711998,-0.24678750369907926,0.22382491141816585,4.82265904614437,1.2524087085303144,6.039940187663708,7.095171160210169,0.20773811414272045,0.04315512406757395
43,502.0,0.0019768798022995,0.5058847503570264,0.505880887749318,0.25591547259003816,1.6760804,3.274,0.3280150971668142,-0.1941453009425217,0.22908196868682884,3.3131664846926343,1.2844968839699598,4.255752025661394,5.109766027469212,0.505880887749318,0.25591547259003816,0.0037447279844230004,0.5213753784890827,0.5213619302432398,0.2718182623069569,1.5665616,2.751,0.3545158506903036,0.6066312882883258,-0.1377104229959638,3.0046712304286594,1.248829063997371,3.7523207603160516,4.418876044469194,0.5213619302432398,0.2718182623069569,0.00902249195192758,0.2067613398227841,0.20656438774457278,0.04266884628429021,0.78167621,1.47107,0.14044708723189941,-0.21147757516153912,0.15659114268111507,3.7805723771667252,1.252053451365949,4.733478692970368,5.56562777773621,0.2065643877445728,0.04266884628429022
44,511.0,0.0014567960827519013,0.5039145178701934,0.5039124120971051,0.2539277190655227,1.6760804,3.194,0.32794081645226253,-0.17854475821847823,0.24128566796313367,3.326120483855066,1.283066693312352,4.2676344107784,5.110923422501092,0.5039124120971051,0.25392771906552275,0.004020620806533,0.5191204870987093,0.5191049168847577,0.2694699147339312,1.5541616,2.7706,0.3528427750330347,0.5851974149175614,-0.1751064078837694,2.993835994965232,1.2482124535550732,3.7369433728170454,4.404685911039252,0.5191049168847578,0.2694699147339313,0.0088113647583711,0.20597033374006873,0.20578177332331996,0.042346138232090234,0.80315621,1.50455,0.140128344094057,-0.2240121560137881,0.18663181696158349,3.899378106623696,1.2515553458675437,4.880287514903748,5.7315756865071155,0.20578177332331996,0.04234613823209024
45,520.0,0.0023010085666720003,0.5059775682354479,0.5059723361183233,0.25600800491703346,1.6400804,3.2279999999999998,0.3280716739697329,-0.16988670188976615,0.235806139594255,3.241409309348704,1.2849802264245158,4.165146868261431,4.999152716096147,0.5059723361183233,0.25600800491703346,0.003824817286157,0.5199112332586806,0.5198971641019883,0.2702930612412897,1.6519616,2.9044,0.3543749766107841,0.5857625388752723,-0.15284862945340993,3.177391628270648,1.2463427112638727,3.960118896725971,4.661620342946439,0.5198971641019884,0.2702930612412898,0.00600431766074362,0.20621092235135804,0.2061234888760296,0.042486892666426704,0.73262621,1.37402,0.1405462144417126,-0.20813995437687358,0.1338533592600042,3.552800218563084,1.25077395318863,4.443749974261578,5.21270681611873,0.2061234888760296,0.042486892666426704
46,529.0,0.0024020554914057995,0.5080523095609847,0.5080466311074868,0.2581113793796668,1.7020804,3.154,0.3314718315484018,-0.16411729800898567,0.2459669192861207,3.3502069924075184,1.2824957599572564,4.296626262741795,5.134917172445951,0.5080466311074869,0.2581113793796669,0.0037584760978080006,0.5193684406617337,0.5193548411373702,0.26972945101282303,1.6432616,2.8517,0.3532096878891758,0.5990784044170491,-0.16470792707482262,3.163961210092589,1.2481672516502713,3.9491527679293332,4.65236842686941,0.5193548411373702,0.269729451012823,0.00572576511002311,0.20637888906913998,0.20629944611490653,0.042559461467317226,1.0149062,1.67129999,0.13993956799712887,-0.2099381113882565,0.2262018600808613,4.917684190363053,1.2541360953218328,6.167445248527828,7.252460576559896,0.20629944611490655,0.04255946146731723
47,538.0,0.0027676965416546006,0.5086307129233234,0.5086231827047815,0.2586975419847415,1.5740804,3.0629999999999997,0.3325055330520991,-0.14171437640176546,0.17787027914466425,3.0947411550377497,1.278855153112688,3.957725673669938,4.733997613667869,0.5086231827047815,0.2586975419847415,0.0037612772140300003,0.5183122654258934,0.518298617868735,0.26863345728464094,1.5205616,2.783,0.35361944835521364,0.5832588084619331,-0.17106188777484688,2.9336785976896875,1.2467446526084869,3.6575481041415827,4.299994265226564,0.518298617868735,0.26863345728464094,0.00553939225593702,0.20395175797559548,0.2038765183015708,0.04156563471477074,0.78469621,1.42309,0.13803856317642946,-0.24286318408684165,0.22793647066125855,3.8474598983054387,1.255771777515629,4.831531555415121,5.6846158924232375,0.2038765183015708,0.04156563471477074
48,547.0,0.002413838210478601,0.5096531673461727,0.5096474510591411,0.25974052437107964,1.6030804,3.196,0.3321009777041775,-0.12555978866473144,0.18003918159394638,3.145433998472802,1.2801648685228681,4.0266741011022935,4.827087264488457,0.5096474510591412,0.2597405243710797,0.0038647091498420012,0.5147567926017526,0.5147422845976721,0.26495961955283087,1.6198616,2.8703,0.3501016304242416,0.5852865913563542,-0.16119844636327096,3.1468484210041776,1.2483565940505794,3.9283889768382187,4.626832494430561,0.514742284597672,0.2649596195528308,0.004876293951090411,0.2044350798291043,0.20437691558009877,0.04176992362203481,0.77874621,1.39314,0.1374548191799195,-0.2160846171207103,0.2619301642562264,3.8092592066439184,1.2610124729288628,4.803523372197085,5.665470404356441,0.20437691558009877,0.04176992362203481
49,556.0,0.0029024216314538004,0.5112365266800121,0.5112282877154939,0.26135436216051583,1.6019196,3.15,0.3337667324353821,-0.09677632310026395,0.2035782274609006,3.1334216481027326,1.280403124892142,4.012042869835424,4.799518479002802,0.5112282877154939,0.26135436216051583,0.003979322136699001,0.5139241488870824,0.5139087426816599,0.26410219580464445,1.6198616,2.8963,0.34965407210807276,0.5939991925427928,-0.1614970370444362,3.1519468456733493,1.2482690540581698,3.9344777074903035,4.632754854630509,0.5139087426816599,0.2641021958046445,0.00385167567956496,0.20441818408725013,0.2043818939632088,0.041771958579988326,0.77644621,1.45984,0.13719380228824718,-0.1995303707690995,0.35249595841377435,3.798322607486797,1.2639532785467869,4.800902312711317,5.659484590773784,0.20438189396320883,0.04177195857998833
50,565.0,0.0027396001545397994,0.5066643510853444,0.5066569443437308,0.2567012592517263,1.5970804,3.1790000000000003,0.33045126122818524,-0.09328488995103258,0.13985565815004808,3.152146774445124,1.2785443054980457,4.030159308560846,4.83302861082795,0.5066569443437309,0.2567012592517264,0.003805413767814,0.5105416019036092,0.5105274195382253,0.26063824610035913,1.5225616,2.7089999999999996,0.34898199757283327,0.5883871830193119,-0.18559297648626805,2.982247860552334,1.2442246751306911,3.7105863754549264,4.362865736884431,0.5105274195382253,0.26063824610035913,0.0021667384630052,0.20287867998584366,0.20286710930368015,0.041155064037231306,0.74195621,1.36435,0.1366276300934939,-0.22543949355333645,0.27934307082275955,3.6571423377349053,1.260077806514498,4.608283895044302,5.430499010282777,0.20286710930368015,0.041155064037231306
51,574.0,0.002441786918941599,0.5087952854161722,0.5087894261267295,0.2588666801383667,1.6299196,3.252,0.3303295703588493,-0.08503070018097454,0.195696587535807,3.2034880171242097,1.28266561850239,4.109003938849619,4.934222504601564,0.5087894261267295,0.2588666801383668,0.003390570229922001,0.5111286650701662,0.511117419278512,0.2612410162899262,1.6541616,2.8586,0.3480044177425169,0.5979445044652826,-0.15380636498256006,3.2362919809494968,1.2470582739631255,4.035844691803583,4.753277589780164,0.511117419278512,0.2612410162899262,0.00228322434470236,0.20393658219613744,0.20392380058353582,0.041584916444433684,0.73776621,1.37916,0.1370175084043395,-0.17719291948026916,0.2729396677288012,3.6176256464396768,1.2630649823275832,4.569296273188143,5.384466690365201,0.20392380058353585,0.04158491644443369
52,583.0,0.0026251169610312,0.5098755959213679,0.5098688381114411,0.259966232077111,1.5860804,3.146,0.33456968472026194,-0.08464504192746984,0.13796001334378616,3.110720365295935,1.2755133781267232,3.967765441546212,4.740657843301441,0.5098688381114411,0.259966232077111,0.0032378129957170002,0.5110236888514338,0.5110134314617687,0.2611347271343318,1.6162616,2.8547000000000002,0.34972948151906275,0.5866093030507038,-0.20118752672786977,3.162791931686525,1.243804245465131,3.9338940321545626,4.621462259857845,0.5110134314617687,0.2611347271343318,0.0010475176399495601,0.20162255049867556,0.20161982932337033,0.04065055557638498,0.74525621,1.41365,0.1346788761169464,-0.17595830234878365,0.3154659029407525,3.6962939321854056,1.2667060917244248,4.682118040703282,5.533579069614954,0.20161982932337033,0.040650555576384986
53,592.0,0.0026716713655636007,0.5116406099496582,0.5116336344707733,0.2617689759217728,1.6000804,3.1879999999999997,0.3329075136523731,-0.08224621333960114,0.19708215942250717,3.1273522251438104,1.2822395798783235,4.010014803299939,4.806381155070076,0.5116336344707733,0.2617689759217728,0.003238127587675,0.5104440631528906,0.5104337921197597,0.26054265613775807,1.5598616,2.7373000000000003,0.3494328378429857,0.5783149419046507,-0.20220737626895557,3.0558913553918305,1.2433711721505236,3.799607216518193,4.463981146216455,0.5104337921197597,0.26054265613775807,0.0006839249473650998,0.2020548632062222,0.2020537057120001,0.04082569999195154,0.74525621,1.37265,0.13584303146809182,-0.17611970779180494,0.2505307686811693,3.688385412626139,1.26140382040064,4.652543450596602,5.486157088411659,0.2020537057120001,0.04082569999195154
54,601.0,0.0031238912896367995,0.5130206332045483,0.513011122098543,0.2631804113968062,1.6440804,3.218,0.33553236415693466,-0.0652213730195825,0.14896950832130917,3.204706192283855,1.277878572026447,4.095225372760004,4.899916001041954,0.513011122098543,0.2631804113968062,0.0034748209528209996,0.5086644323431785,0.5086525634953135,0.2587274303503539,1.5503616,2.8148,0.3489373684990978,0.5835427340368788,-0.20523220874783243,3.047906441695188,1.2427864159329025,3.7878967227731697,4.443094205325872,0.5086525634953135,0.2587274303503539,0.0009549586420241402,0.2023431572536973,0.2023409037772306,0.040941841341386495,0.68538621,1.3667799999999999,0.13549910522362338,-0.1378497341548441,0.2638998602416347,3.3872467905631454,1.2651107772331351,4.285242419889784,5.058234213937137,0.20234090377723063,0.0409418413413865
55,610.0,0.0026265896823377995,0.5124700797871234,0.5124633486442335,0.2626186837036612,1.5819196,3.145,0.3341456714720902,-0.03198745280888539,0.20470490154069276,3.086852603486858,1.2811484652467053,3.9547164753999846,4.734221434115244,0.5124633486442335,0.2626186837036612,0.0038558608161810013,0.5074929196755891,0.5074782713163393,0.25753419585822007,1.6100616,2.7735000000000003,0.3479647886450621,0.5755937414565291,-0.21418215630006232,3.1725794342691906,1.24222187367516,3.941047569221153,4.627081970763217,0.5074782713163393,0.25753419585822007,-0.0005861770534431802,0.20236384765882034,0.20236299868242774,0.040950783235744255,0.78450621,1.4459,0.13628034105235268,-0.12259442249717414,0.2919725964855586,3.876711275635829,1.2624436533846484,4.894129545931157,5.756561833805718,0.20236299868242777,0.04095078323574426
56,619.0,0.0026061442278769997,0.512984253114873,0.5129776329978604,0.26314605195608753,1.6299196,3.207,0.3335712419583253,-0.04853019264592114,0.17765248952663182,3.1773287193574165,1.2812239910611167,4.0708697827282165,4.886271341711267,0.5129776329978605,0.2631460519560876,0.004161388697007,0.5081253953141137,0.5081083547898387,0.2581741002072367,1.5136616,2.6491,0.3479060313432113,0.5715269140492497,-0.21265804329195825,2.978913500405313,1.2431288119000352,3.703173200511832,4.3507771169013285,0.5081083547898387,0.25817410020723663,-0.00099378018151367,0.2020163585463405,0.20201391417740125,0.04080962152127444,0.71539379,1.4220182000000001,0.13506537105577543,-0.13962508075350083,0.25984563557470786,3.541266633790431,1.265967074176792,4.48312695925957,5.29664846294745,0.20201391417740128,0.040809621521274445
57,628.0,0.002237139892625999,0.5137160437893344,0.5137111725976633,0.2638991688516662,1.6389196,3.248,0.33540859725758987,-0.036406700299910284,0.2015130596654977,3.190322007291816,1.2799948039793063,4.083595592354356,4.886337480316072,0.5137111725976633,0.2638991688516662,0.004044730558731001,0.505810979799949,0.5057948076452464,0.2558283874408918,1.6246616,2.7911,0.3449749424691367,0.5898615224535314,-0.1913346651726564,3.211993540833302,1.245622379099181,4.00093103598398,4.709506111868838,0.5057948076452463,0.25582838744089176,-0.0027614136551797996,0.20188672448329392,0.20186783824378368,0.040750624117218415,0.75158621,1.46698,0.1344338250292717,-0.10441274052438916,0.34133896176097434,3.722811452430066,1.268680327388683,4.723057652275315,5.590752251796371,0.20186783824378368,0.040750624117218415
58,637.0,0.0030011652544199995,0.5122388485440854,0.5122300566785262,0.26237963096488615,1.5899196,3.122,0.33826467986304304,-0.03188612781487378,0.12670242332430703,3.1038637630061845,1.2726239006932818,3.9500512092974587,4.700223507354443,0.5122300566785262,0.26237963096488615,0.0035024966559080014,0.5038757609381351,0.5038635876684879,0.25387851497816,1.4886616,2.6151,0.3461705841061822,0.5812913925246251,-0.21834750739676156,2.9544219337488133,1.2408651802206232,3.6660393052689835,4.300370015100351,0.5038635876684879,0.25387851497816005,-0.003973017160893421,0.2013681238737021,0.20132892600680577,0.040533336447053876,0.71083421,1.387228,0.13436441820707629,-0.11607837057867036,0.31716429824753156,3.5300235028550726,1.2684224038619938,4.4775608971807666,5.29034560998504,0.2013289260068058,0.04053333644705388
59,646.0,0.0028238531840454996,0.5113864680865452,0.511378671431676,0.2615081455952261,1.6319196,3.194,0.3343591690896278,-0.029665490524092477,0.19903474147003397,3.191166958535594,1.2797816016455792,4.083996761313134,4.880738292427536,0.5113786714316761,0.26150814559522617,0.003533331676141001,0.5039735818203431,0.5039611956689646,0.2539768867400924,1.4969616,2.7904,0.3453462112871805,0.5789006084029213,-0.20745332351378876,2.970317599968242,1.2428513485444057,3.691663234725712,4.334669242267052,0.5039611956689646,0.25397688674009244,-0.00399986497102372,0.20002019937075718,0.1999802021114366,0.03999208123653104,0.72611621,1.42251,0.13254889050663693,-0.12132834324007298,0.3943395444010984,3.6302144097660456,1.2736173301872304,4.623503984573444,5.4781010027665396,0.1999802021114366,0.03999208123653104
60,655.0,0.002593177151638599,0.5132629485361724,0.5132563976925235,0.26343212977230585,1.7340804,3.468,0.33537828265222186,-0.02099009608756856,0.17659593342832514,3.3785419441352684,1.2787984547662896,4.3204742175232775,5.170520840785014,0.5132563976925234,0.2634321297723058,0.0029833867886439997,0.5051425191106501,0.5051337090481322,0.255160064016723,1.5566616,2.7661,0.3461005129348043,0.5682340550501029,-0.22830746620180298,3.0816285327567474,1.2422925201647366,3.828284076169939,4.4977153798475635,0.5051337090481322,0.25516006401672303,-0.00517437907170158,0.20107007024237988,0.2010034799412635,0.04040239894849792,0.74439379,1.450977,0.1335146692993537,-0.10167969130841495,0.37054930404598174,3.702161087936512,1.2725354354729168,4.7111311722281775,5.5753708106110205,0.2010034799412635,0.04040239894849791
61,664.0,0.0022443526985810014,0.514655849669715,0.5146509559694032,0.2648656064802206,1.6999196,3.303,0.3356949206039599,-0.006908461571630506,0.19926182821600147,3.303022011876361,1.280489700748875,4.229485667554508,5.063882399357185,0.5146509559694032,0.26486560648022067,0.002508991956304001,0.5038642194880231,0.5038579726863889,0.2538728566396378,1.5754616,2.7949,0.34585127998905996,0.569429135075231,-0.2150350417625062,3.126758239751233,1.2417447347852195,3.8826355811573947,4.555315221183612,0.5038579726863889,0.2538728566396378,-0.00583325050364172,0.20170354757240372,0.20161918135895374,0.04065029429185468,0.75666621,1.4460600000000001,0.13380999853602896,-0.10479885102260711,0.3762551314944962,3.751377797301192,1.2721287995065838,4.772235733776418,5.654780795743482,0.2016191813589538,0.0406502942918547
62,673.0,0.0024883730604656007,0.5178720780700684,0.5178660997247483,0.268185297244123,1.6770804,3.271,0.33786854025919877,-0.01390594408641029,0.11654341861013817,3.238406685778278,1.2784324641545595,4.140084239234124,4.963706886451793,0.5178660997247483,0.268185297244123,0.0032183396143260013,0.5057843076549194,0.505774068295413,0.2558074081600931,1.5754616,2.7129,0.3470771835056754,0.5691418566487082,-0.22959006815696403,3.1148882560328213,1.2417222950356097,3.8678261940605427,4.539225494706822,0.505774068295413,0.2558074081600931,-0.00742075735897669,0.20249049459355434,0.20235447304411497,0.040947332760961457,0.75700621,1.4964,0.13526927447131232,-0.08375419090526205,0.31658089209945395,3.7384777567929204,1.267581814812558,4.73882641959195,5.596290901675122,0.20235447304411497,0.040947332760961457
63,682.0,0.0021325438804047996,0.5167091548982551,0.5167047541994045,0.2669838030122671,1.6169196,3.203,0.3372657708978999,0.013761698411181241,0.1842230224001633,3.129264470489954,1.2795067670827094,4.003915065983388,4.794200122044073,0.5167047541994046,0.26698380301226715,0.0032924893939840004,0.5047527373104441,0.5047419987835138,0.2547644853359767,1.5405616,2.698,0.347051574926546,0.5730368650529751,-0.2271929513689659,3.052111432240713,1.2410672316955234,3.7878754860372403,4.438999017152025,0.5047419987835138,0.2547644853359766,-0.008891424765300662,0.20072455152925855,0.20052752467495571,0.04021128815226497,0.71488021,1.422274,0.13369558677920748,-0.053447901523275956,0.4108249994104698,3.5614986037011804,1.2713770520495593,4.5280075956522285,5.347074104851299,0.20052752467495571,0.040211288152264976
64,691.0,0.0030115189925159994,0.5137752167795314,0.5137663906195229,0.26395590413021214,1.6449196,3.231,0.3363179746027853,0.010914736763228483,0.12492572618578812,3.2016328275053008,1.276236078151064,4.086039323455067,4.890965467851557,0.5137663906195228,0.2639559041302121,0.003244203004804001,0.5024306526724697,0.50242017862716,0.2524260358917474,1.5368616,2.7003,0.34446310333025476,0.5629792469365419,-0.22706922654073702,3.058853180683359,1.2422113096457732,3.799742015590814,4.461614568125546,0.50242017862716,0.2524260358917474,-0.00887527626449039,0.20173645455541628,0.20154112872517735,0.040618826567818504,0.75881621,1.49021,0.13408801970193354,-0.07923935017012544,0.40913894923185,3.7614233464758144,1.2721165946816493,4.784969058674867,5.65909028775863,0.20154112872517735,0.04061882656781851
65,700.0,0.0027812466070837993,0.5181554979712902,0.5181480336208817,0.26847738474518634,1.6560804,3.255,0.3399286117545205,0.02456534273594401,0.15830994718078584,3.1961069726828595,1.276119811681701,4.078615428094622,4.871847625453602,0.5181480336208817,0.2684773847451863,0.002491190995136999,0.5016958561813201,0.5016896710885461,0.25169252607693354,1.6039616,2.7484,0.3449502476942796,0.5826666347239002,-0.19395886345412583,3.1970796255098137,1.241749306010223,3.9699714062362346,4.649834608675363,0.5016896710885461,0.2516925260769336,-0.009591086574833218,0.20078903878548218,0.20055983933657287,0.04022424915471193,0.76804621,1.53544,0.13295513040125545,-0.07640070570912157,0.4690179649451074,3.825140130386105,1.2758229686081068,4.8802016364912015,5.776732403496236,0.20055983933657287,0.04022424915471193
66,709.0,0.002168809133014,0.5185634594118836,0.5185589240425478,0.2689033577041648,1.6169196,3.147,0.341176393462319,0.04194799162913573,0.1307767188782858,3.1180746939512294,1.2740606598908621,3.972616302164502,4.739248174796653,0.5185589240425478,0.26890335770416485,0.0024054492077400006,0.5020196260010625,0.5020138630599316,0.2520179187043557,1.5349616,2.7034000000000002,0.3439184231330275,0.5776877730133667,-0.2248102713977045,3.057572892572035,1.2427165268805473,3.7996963657412284,4.463156076423034,0.5020138630599315,0.25201791870435564,-0.0111628651626493,0.2013121679538495,0.20100243632264614,0.04040197940763942,0.76922621,1.46862,0.13322656415408057,-0.09568465391827655,0.4516612173923731,3.821061676591471,1.274773682820223,4.870988865751726,5.7738200702253835,0.2010024363226462,0.040401979407639434
67,718.0,0.0022260095487582,0.5134659402231307,0.5134611150327866,0.2636423166507125,1.7179196,3.2350000000000003,0.33739413488283,0.06205513197072791,0.11466421163217166,3.345732336702731,1.2736903239520212,4.261426903791654,5.0917292933873854,0.5134611150327866,0.2636423166507125,0.001893918442219001,0.499603512997037,0.4995999232104772,0.2496000832719147,1.5602616,2.6957,0.3404277481049921,0.571361134442048,-0.19535392835249787,3.1229996575489523,1.2457227118770415,3.8903916025929526,4.583238612848904,0.4995999232104772,0.24960008327191469,-0.011348891372171922,0.19930731799267165,0.19898394324682223,0.03959460967005457,0.74839379,1.47039,0.1316462364425957,-0.10098601219704151,0.43025601556125004,3.754973964516033,1.2762185822364311,4.792167549329363,5.684885570779965,0.19898394324682223,0.03959460967005457
68,727.0,0.0026775600165034,0.5174784341753731,0.5174715069537201,0.26777676050895405,1.7119196,3.346,0.33804186163562866,0.05789998280141684,0.16583857471056218,3.308195060781667,1.278464250962132,4.229409120418858,5.064223678442696,0.51747150695372,0.26777676050895394,0.0019323906604480007,0.5043055826274646,0.5043018803609223,0.25432038653556194,1.5686616,2.7461,0.34336984518754443,0.5793928924973558,-0.20271980732631345,3.1105378445885368,1.2466596134439467,3.8777819069375123,4.568431450767659,0.5043018803609224,0.25432038653556205,-0.013363528570339721,0.2002227119126837,0.19977625101552798,0.03991055046981925,0.79733621,1.50173,0.13208509365361268,-0.08582994074036455,0.42155837502780136,3.9822465812355743,1.2768729504058858,5.08482294142602,6.036534388134508,0.19977625101552798,0.03991055046981924
69,736.0,0.0027188994769265997,0.5188261752624114,0.518819051040974,0.2691732077230568,1.6899196,3.241,0.3426424795979076,0.05897598652102637,0.09342291421093707,3.257198037753732,1.2707344817392967,4.139033860427243,4.932020110241812,0.518819051040974,0.2691732077230568,0.0022555771622599996,0.5031506008677713,0.5031455450714678,0.2531554395252644,1.5686616,2.7441,0.3441016427652894,0.5728159672143549,-0.23765831271511484,3.117678081462227,1.2430003229021214,3.8752748619624144,4.558715812554197,0.5031455450714678,0.2531554395252644,-0.014588993170586189,0.20065004726930388,0.2001189714830717,0.040047602747442464,0.72234621,1.41774,0.13210372071272822,-0.09093834561937471,0.4434704573855299,3.6000301013161384,1.2780068015117454,4.600862955129043,5.468023202547101,0.20011897148307173,0.04004760274744247
70,745.0,0.0031318103333056006,0.5206657106649907,0.5206562916419198,0.2710829740263159,1.7449196,3.349,0.3443634417836891,0.0631725866710538,0.14970455777742897,3.3513242071796907,1.271793548923929,4.262192507043731,5.067087234817644,0.52065629164192,0.271082974026316,0.0016933457418220011,0.5008629223406506,0.5008600598528646,0.25086079955581514,1.5531616,2.6966,0.3430927343770796,0.5752218416355953,-0.21997692276753122,3.1009714049938246,1.2419186405368203,3.8511541916334844,4.526944013605901,0.5008600598528646,0.2508607995558152,-0.01486354116544011,0.2011131580779512,0.20056315089295504,0.040225577496110256,0.73666621,1.4380600000000001,0.13284879863391982,-0.11510060086042986,0.4552985648017316,3.6629438721979053,1.276465536668212,4.675621615610638,5.545147698549902,0.20056315089295504,0.040225577496110256
71,754.0,0.003865980495317799,0.5181640005252686,0.5181495784376944,0.26847898563516037,1.6439196,3.248,0.34066771190602657,0.048712806617365885,0.13745894880888976,3.172585510250694,1.2740447587441703,4.042015941002596,4.825580888785481,0.5181495784376944,0.26847898563516037,0.001521210002588001,0.4995930096275665,0.49959069365717546,0.2495908611888577,1.4411616,2.6036,0.341655324088253,0.5874879684283534,-0.2167074143560761,2.8846712668665004,1.2437615922981762,3.5878433281346758,4.21817398527568,0.4995906936571755,0.24959086118885776,-0.015371662872931612,0.1999574680617072,0.19936574684275532,0.0397467010141696,0.72560621,1.411,0.13180410569311196,-0.10803853587000091,0.4622565832923837,3.6288027500732145,1.278057437306634,4.6378183432498385,5.50518670252561,0.19936574684275532,0.039746701014169605
72,763.0,0.003573179891984698,0.5118903942219507,0.5118779230267346,0.2620190080821636,1.6259196,3.158,0.33750925941598464,0.04447506269899025,0.11865711536325518,3.176304182209399,1.2725136615760164,4.041890465182497,4.817407388506733,0.5118779230267346,0.2620190080821636,0.0011604927781649998,0.49420635915827255,0.49420499662486955,0.24423857868898735,1.5803616,2.6868,0.3397969049388332,0.5715931873885955,-0.2295671320358239,3.1977767398453887,1.2399265662562236,3.9650083326905143,4.650900514483735,0.49420499662486955,0.24423857868898735,-0.01725906240337798,0.19940595309798803,0.19865764243006936,0.0394648588958733,0.76239379,1.50782,0.13111235907642707,-0.08983193716656582,0.5163735384843373,3.8233251222212,1.2802284095132437,4.8947294402732755,5.814812542237844,0.19865764243006936,0.0394648588958733
73,772.0,0.0031717729651295984,0.5124402561167898,0.5124304401041168,0.2625849559452988,1.6949196,3.266,0.3376230609675938,0.0487977986431298,0.14368601869693753,3.307545767079065,1.273938359359167,4.213609428018062,5.020153526072924,0.5124304401041168,0.26258495594529885,0.0010197878407570008,0.4934116016226794,0.4934105477678984,0.2434539686486175,1.5054616,2.6539,0.33659979590440675,0.5776509415533816,-0.19639080922423613,3.0511272840950614,1.2452372250506962,3.7993772725230013,4.472556484934846,0.49341054776789833,0.24345396864861746,-0.01882345937035039,0.1977547416106331,0.19685683937019063,0.03875261520682104,0.68839379,1.3691499999999999,0.13075826780469657,-0.10745951690553435,0.4599037628741782,3.48104821352605,1.276611208938217,4.443945168241711,5.264629163092005,0.19685683937019063,0.03875261520682104
74,781.0,0.002830885177554,0.5114906951373568,0.5114828611998724,0.26161471730120794,1.7029196,3.3449999999999998,0.33749479185294395,0.06412791935004668,0.13358716305707308,3.3293266450188197,1.2726824052822012,4.237175442552673,5.045765567671368,0.5114828611998725,0.261614717301208,0.001264857173385,0.4970006155810551,0.49699900605964864,0.2470080120242787,1.4545616,2.711,0.3379937598332109,0.5752778647344637,-0.21184633620463567,2.9266796748318664,1.2468922514120235,3.649254208912915,4.303516138042843,0.4969990060596487,0.24700801202427874,-0.0185760241762698,0.19821744894158738,0.19734509973828446,0.038945088390713443,0.74539379,1.458138,0.12952109878258375,-0.1184395060875302,0.4772357777331191,3.760485234676084,1.283310072739385,4.8258685800475485,5.754998969328003,0.19734509973828449,0.03894508839071345
75,790.0,0.0025717362980907004,0.5093188614791413,0.5093123686214794,0.25939908883082174,1.7029196,3.262,0.33457226215339647,0.07383410557564095,0.18352198423413313,3.343523534656573,1.2755031787244524,4.264674896594475,5.08984094807966,0.5093123686214794,0.25939908883082174,0.0014106612811899996,0.49414944724974424,0.4941474337199148,0.2441816862519776,1.6152616,2.8716999999999997,0.33823656962517956,0.5660156325651403,-0.22810234838700927,3.2687714394703007,1.242643319146126,4.061916991073434,4.775538025914729,0.49414743371991476,0.24418168625197753,-0.01994164287336246,0.19734609060155722,0.19633596296967426,0.0385478103552293,0.74539379,1.47488,0.13010747288436625,-0.12205366825270561,0.5157092471519662,3.7770892128030744,1.2790574983155767,4.831114279442651,5.729062085945462,0.19633596296967426,0.038547810355229306
76,799.0,0.0025655618111557997,0.5118267170824029,0.5118202870265532,0.2619600062119433,1.6389196,3.1559999999999997,0.3388503604895683,0.05855428372583614,0.12139663151035007,3.2020985722324804,1.2706524492829399,4.068754393652606,4.8367060835706415,0.5118202870265532,0.2619600062119433,0.0013281555895959998,0.4950728463950584,0.4950710648386097,0.24509535924043485,1.5287616,2.6681999999999997,0.3395245333235992,0.5691358648620286,-0.2278382455079062,3.087952835894535,1.2417408704603425,3.834437242384163,4.502654300220905,0.4950710648386097,0.24509535924043485,-0.02059199767296126,0.1973853357280966,0.1963082789704249,0.03853694039233017,0.72572621,1.39012,0.13055206810914527,-0.12118630040960478,0.4065593155616738,3.6766977005814994,1.275241317071282,4.688676818162505,5.5589024403142515,0.1963082789704249,0.038536940392330174
77,808.0,0.0021807743219971996,0.5128061197834646,0.5128014827501277,0.2629653607107295,1.6319196,3.213,0.33885632113340997,0.06925050819582101,0.1438185574035309,3.182332536688696,1.2714363267130222,4.04613319082681,4.815963280665797,0.5128014827501277,0.2629653607107295,0.00042541683248299977,0.49716001770610757,0.49715983569276373,0.2471679022260558,1.5335616,2.68,0.33893537050860756,0.5895063820810525,-0.18648191191161878,3.084643867935803,1.2453684251723487,3.8415180760287533,4.524643142728752,0.49715983569276373,0.2471679022260558,-0.021831823379731257,0.19856291678824547,0.1973590722803791,0.03895060341137191,0.76930621,1.4757,0.130740381147307,-0.11426191843164844,0.47448634783998944,3.8743700104910093,1.2799329271378614,4.958933748342904,5.884227988697785,0.19735907228037913,0.038950603411371916
78,817.0,0.0020010250072287,0.516656635905324,0.5166527608790327,0.26693007532392693,1.7159196,3.379,0.34163513123402156,0.08230832380574356,0.1227649487126592,3.3211991886898713,1.270571255726965,4.219820223693067,5.022667293617961,0.5166527608790327,0.26693007532392693,-0.00014056544329099966,0.49864272177666114,0.498642701964235,0.24864454422219287,1.5981616,2.7876000000000003,0.34107123626801683,0.5874909107189935,-0.19282405325898067,3.2050234169783116,1.2437144574447738,3.9861339601449757,4.685712045046655,0.49864270196423494,0.24864454422219281,-0.022646506875751062,0.19936810199354166,0.19807770146796885,0.03923477581883379,0.76988621,1.46928,0.1311372541562495,-0.11571709377078693,0.510317670035942,3.8616318372983245,1.2807478568626864,4.945776699612547,5.870842842894086,0.19807770146796888,0.039234775818833806
79,826.0,0.0019311598350222998,0.5211791726667299,0.5211755948269918,0.27162400064326875,1.6349196,3.218,0.34480263104388575,0.050922455402348535,0.1005428167335336,3.136962652660443,1.270019454734781,3.984003597655188,4.741609990185692,0.5211755948269918,0.27162400064326875,-3.3236193049000185e-05,0.5025653238395478,0.5025653227405418,0.25257190362130494,1.5249616,2.8044000000000002,0.34406199292600514,0.5841857732551505,-0.20765627359661432,3.0343549935945617,1.2429818639701404,3.771648225885272,4.432229166119962,0.5025653227405419,0.252571903621305,-0.02340722947416346,0.19953829940850107,0.19816062812572147,0.039267634539180474,0.75874621,1.48114,0.13181391767591585,-0.1389751758004934,0.49546910560124413,3.8025091536270486,1.2780343423973861,4.859737285615786,5.756191936161783,0.19816062812572147,0.039267634539180474
80,835.0,0.0019023743264744005,0.5218164398146555,0.5218129720817258,0.272288777832764,1.6879196,3.2430000000000003,0.34423268554918424,0.073248598190565,0.122404253437431,3.2346999274295265,1.2716587810600228,4.113434566809976,4.9034262894214,0.5218129720817258,0.27228877783276395,0.000431382113659,0.5021046716357762,0.5021044863252495,0.25210891518794265,1.5341616,2.7656,0.3422075399906177,0.5934773721090428,-0.18515673685482614,3.0554617127977486,1.2457957793385823,3.8064813057340707,4.483132078393311,0.5021044863252495,0.25210891518794265,-0.02464330697478026,0.1987497721363808,0.197216072736504,0.03889417934561003,0.70886121,1.359255,0.13081847097025245,-0.07233083195008437,0.47210407314973457,3.5666013720689156,1.2791896560977263,4.562359582574515,5.418663012512904,0.19721607273650402,0.03889417934561004
81,844.0,0.0013664331974158005,0.5196230079631354,0.5196212113308826,0.27000620326497377,1.7559196,3.433,0.3438211598067602,0.09676542839680947,0.09529742833396249,3.3792183430887905,1.2698310630153997,4.291036420765576,5.107072528598558,0.5196212113308826,0.2700062032649737,0.000934476495257,0.4993681306777483,0.49936725632571116,0.24936765669026853,1.5650616,2.6905,0.33997325449145155,0.5784792750220441,-0.21103835626614087,3.1340838628926515,1.2461357705129066,3.905494009337801,4.603484478039588,0.49936725632571116,0.24936765669026853,-0.026100862368808618,0.19764055673783745,0.19590950628095324,0.038380534651246856,0.75369621,1.42509,0.13071696648226286,-0.11385955920469958,0.48359771095798676,3.81346937308899,1.2765424557294816,4.868055558372186,5.7658636845911655,0.19590950628095324,0.038380534651246856
82,853.0,0.0016043241997145995,0.5260166354003343,0.5260141888407102,0.27669092686175034,1.6839196,3.3120000000000003,0.34651809996421695,0.09922327979228764,0.13175440906777336,3.2012668168154477,1.272842994529806,4.074710041404274,4.859542979642014,0.5260141888407103,0.27669092686175045,0.00015134354217600165,0.5045008116423189,0.5045007889417922,0.2545210460428908,1.5358616,2.7043,0.34314332957415306,0.5809655894020916,-0.1813327848000159,3.044319383749368,1.2473678154200851,3.797386019148469,4.4758602823666465,0.5045007889417922,0.2545210460428908,-0.026904285371128246,0.20076121205399808,0.19895030458398213,0.03958122369405926,0.72857621,1.43697,0.13342076812807335,-0.11565742420617389,0.4095404944533705,3.629068596198937,1.2731365600674889,4.620299908813665,5.46074063447622,0.19895030458398213,0.03958122369405927
83,862.0,0.0016855773156210006,0.5211545842863439,0.5211518584364686,0.271599259551785,1.6559196,3.274,0.34572048686853424,0.08429412785934905,0.10138400756429089,3.177405802287195,1.2685370278558639,4.030656912725376,4.78976416757648,0.5211518584364685,0.27159925955178493,-0.0002531948105989998,0.5026256679669883,0.502625604194264,0.25263249799164894,1.5418616,2.8253000000000004,0.34386047693539096,0.5861573952536012,-0.20722753207416922,3.067614127699637,1.2430520187326841,3.8132039341299357,4.483974470522547,0.502625604194264,0.252632497991649,-0.02888690466327692,0.20082436100593465,0.19873593211197796,0.039495970712416714,0.73224621,1.40964,0.13348703120029826,-0.11454912779116094,0.3873495309610724,3.646202115779973,1.2716072568614816,4.636537070409501,5.485523225857494,0.19873593211197796,0.039495970712416714
84,871.0,0.0022848150440558006,0.518926306321566,0.5189212763153561,0.2692792910127582,1.8019196,3.377,0.344074863028872,0.10459837506632842,0.07747642034191626,3.4723997955952424,1.2683224778696116,4.404122712903291,5.236998669817961,0.5189212763153561,0.2692792910127582,0.0005561940623759982,0.503260936002917,0.5032606286554683,0.25327126035469716,1.5331616,2.7666,0.3432801611278046,0.5796816899113604,-0.20773303628188922,3.0464546129428043,1.2449036186383202,3.7925423716699003,4.466210907624218,0.5032606286554683,0.25327126035469716,-0.02937147422201566,0.19978326451661452,0.19761242188420505,0.03905066928294104,0.73277621,1.41317,0.1317670095272635,-0.13755342130152554,0.46715027633793094,3.6678558225234146,1.278492556443126,4.6893263672027645,5.561150796614107,0.19761242188420505,0.03905066928294104
85,880.0,0.0016471890114260002,0.5194325620338085,0.5194299503006801,0.26980747326936694,1.8049196,3.439,0.34316599670739073,0.09749466184264637,0.14107315823285438,3.4747910160520945,1.2724567122582018,4.421521152069985,5.259610851068706,0.5194299503006801,0.269807473269367,-0.00017163236698399995,0.5019829155702515,0.501982886228944,0.25198681806674095,1.6189616,2.7834000000000003,0.3421477627364255,0.5923156677492453,-0.19926072051383947,3.2251328676412485,1.2456389209214547,4.0173510250769615,4.731761467770204,0.501982886228944,0.25198681806674095,-0.030368394068467,0.20048903690027417,0.19817571637035097,0.03927361455890179,0.79031621,1.50271,0.1324894586820774,-0.16169670942729825,0.48742153318291814,3.941942273846691,1.2772725186489888,5.0349345364850855,5.965125209670062,0.19817571637035097,0.0392736145589018
86,889.0,0.0024301789510718,0.5176841958633919,0.5176784918045103,0.2679910208769924,1.6290804,3.25,0.34325537858554417,0.0943580861028808,0.09918755399149992,3.1468613742071563,1.2687865125037978,3.9926952683132066,4.745971954505033,0.5176784918045103,0.26799102087699245,0.0009397736858570001,0.5035702193893814,0.5035693424755812,0.2535820826812891,1.5675616,2.755,0.34384846611805825,0.5953906503775495,-0.1987155045041784,3.112895758412386,1.2451035422145824,3.875877535344011,4.558873324919203,0.503569342475581,0.25358208268128907,-0.031960504372997425,0.20034256294822336,0.1977768153472152,0.03911566868888646,0.76877621,1.41617,0.13215573394145075,-0.144391730367237,0.47194321388501326,3.8373084515180276,1.2788393671241198,4.907301111599351,5.8171990504823095,0.1977768153472152,0.039115668688886454
87,898.0,0.0017145193759278,0.5149016440077083,0.514898789496684,0.26512076342515045,1.6629196,3.279,0.34161452296606826,0.11233497291440597,0.11350607474203267,3.2295868916959707,1.26846501141635,4.096617973445223,4.867824662610066,0.514898789496684,0.26512076342515045,0.0005531719586010003,0.4982521447921597,0.4982518377194122,0.24825489379077148,1.5623616,2.8138,0.3402095737457366,0.5828064772355289,-0.19384228922361624,3.1356846454754783,1.2449344138962293,3.90372172627842,4.592350482081573,0.4982518377194122,0.24825489379077148,-0.033203441875610445,0.199367969070511,0.19658361716814854,0.038645118538913184,0.74291621,1.4813100000000001,0.13123585504671373,-0.1654679847797839,0.4632570424773226,3.7263569141201955,1.2791051689036648,4.766402390031052,5.660924064811077,0.19658361716814854,0.038645118538913184
